날짜,조회수
2021-01-01,1643
2021-01-02,1410
2021-01-03,29802
2021-01-04,19845
2021-01-05,69128
2021-01-06,56468
2021-01-07,54690
2021-01-08,6681
2021-01-09,7381
2021-01-10,2920
2021-01-11,1343
2021-01-12,641
2021-01-13,538
2021-01-14,642
2021-01-15,943
2021-01-16,805
2021-01-17,629
2021-01-18,492
2021-01-19,649
2021-01-20,466
2021-01-21,361
2021-01-22,409
2021-01-23,287
2021-01-24,388
2021-01-25,292
2021-01-26,473
2021-01-27,765
2021-01-28,551
2021-01-29,431
2021-01-30,332
2021-01-31,402
2021-02-01,500
2021-02-02,633
2021-02-03,453
2021-02-04,570
2021-02-05,409
2021-02-06,510
2021-02-07,450
2021-02-08,472
2021-02-09,474
2021-02-10,386
2021-02-11,361
2021-02-12,342
2021-02-13,364
2021-02-14,357
2021-02-15,400
2021-02-16,414
2021-02-17,529
2021-02-18,579
2021-02-19,891
2021-02-20,504
2021-02-21,546
2021-02-22,626
2021-02-23,571
2021-02-24,463
2021-02-25,406
2021-02-26,486
2021-02-27,482
2021-02-28,371
2021-03-01,317
2021-03-02,419
2021-03-03,373
2021-03-04,316
2021-03-05,434
2021-03-06,488
2021-03-07,467
2021-03-08,335
2021-03-09,393
2021-03-10,285
2021-03-11,423
2021-03-12,266
2021-03-13,383
2021-03-14,512
2021-03-15,422
2021-03-16,376
2021-03-17,386
2021-03-18,312
2021-03-19,310
2021-03-20,291
2021-03-21,314
2021-03-22,399
2021-03-23,414
2021-03-24,391
2021-03-25,348
2021-03-26,304
2021-03-27,373
2021-03-28,537
2021-03-29,570
2021-03-30,388
2021-03-31,358
2021-04-01,309
2021-04-02,246
2021-04-03,301
2021-04-04,346
2021-04-05,296
2021-04-06,448
2021-04-07,622
2021-04-08,263
2021-04-09,314
2021-04-10,295
2021-04-11,333
2021-04-12,351
2021-04-13,234
2021-04-14,238
2021-04-15,285
2021-04-16,224
2021-04-17,257
2021-04-18,209
2021-04-19,228
2021-04-20,275
2021-04-21,234
2021-04-22,236
2021-04-23,195
2021-04-24,238
2021-04-25,252
2021-04-26,232
2021-04-27,285
2021-04-28,167
2021-04-29,205
2021-04-30,205
2021-05-01,276
2021-05-02,208
2021-05-03,370
2021-05-04,191
2021-05-05,294
2021-05-06,196
2021-05-07,245
2021-05-08,170
2021-05-09,191
2021-05-10,229
2021-05-11,465
2021-05-12,336
2021-05-13,150
2021-05-14,404
2021-05-15,254
2021-05-16,278
2021-05-17,275
2021-05-18,151
2021-05-19,218
2021-05-20,249
2021-05-21,256
2021-05-22,193
2021-05-23,250
2021-05-24,248
2021-05-25,275
2021-05-26,378
2021-05-27,230
2021-05-28,221
2021-05-29,297
2021-05-30,245
2021-05-31,373
2021-06-01,310
2021-06-02,328
2021-06-03,266
2021-06-04,912
2021-06-05,344
2021-06-06,432
2021-06-07,356
2021-06-08,351
2021-06-09,295
2021-06-10,349
2021-06-11,364
2021-06-12,292
2021-06-13,450
2021-06-14,367
2021-06-15,713
2021-06-16,491
2021-06-17,284
2021-06-18,295
2021-06-19,200
2021-06-20,279
2021-06-21,233
2021-06-22,219
2021-06-23,397
2021-06-24,382
2021-06-25,657
2021-06-26,332
2021-06-27,754
2021-06-28,618
2021-06-29,618
2021-06-30,898
2021-07-01,856
2021-07-02,395
2021-07-03,364
2021-07-04,460
2021-07-05,342
2021-07-06,323
2021-07-07,295
2021-07-08,430
2021-07-09,380
2021-07-10,331
2021-07-11,495
2021-07-12,406
2021-07-13,437
2021-07-14,365
2021-07-15,324
2021-07-16,300
2021-07-17,245
2021-07-18,420
2021-07-19,332
2021-07-20,367
2021-07-21,261
2021-07-22,334
2021-07-23,261
2021-07-24,276
2021-07-25,260
2021-07-26,304
2021-07-27,272
2021-07-28,311
2021-07-29,330
2021-07-30,332
2021-07-31,190
2021-08-01,238
2021-08-02,464
2021-08-03,383
2021-08-04,517
2021-08-05,469
2021-08-06,203
2021-08-07,285
2021-08-08,308
2021-08-09,1381
2021-08-10,1682
2021-08-11,4704
2021-08-12,1858
2021-08-13,1023
2021-08-14,933
2021-08-15,867
2021-08-16,1554
2021-08-17,1442
2021-08-18,909
2021-08-19,781
2021-08-20,671
2021-08-21,671
2021-08-22,585
2021-08-23,1104
2021-08-24,1141
2021-08-25,1335
2021-08-26,493
2021-08-27,551
2021-08-28,431
2021-08-29,522
2021-08-30,916
2021-08-31,1159
2021-09-01,459
2021-09-02,518
2021-09-03,483
2021-09-04,488
2021-09-05,777
2021-09-06,729
2021-09-07,888
2021-09-08,742
2021-09-09,763
2021-09-10,1098
2021-09-11,908
2021-09-12,877
2021-09-13,819
2021-09-14,712
2021-09-15,725
2021-09-16,541
2021-09-17,443
2021-09-18,421
2021-09-19,496
2021-09-20,949
2021-09-21,512
2021-09-22,582
2021-09-23,645
2021-09-24,568
2021-09-25,703
2021-09-26,952
2021-09-27,595
2021-09-28,675
2021-09-29,513
2021-09-30,611
2021-10-01,472
2021-10-02,917
2021-10-03,787
2021-10-04,818
2021-10-05,870
2021-10-06,7554
2021-10-07,7511
2021-10-08,1009
2021-10-09,552
2021-10-10,410
2021-10-11,455
2021-10-12,508
2021-10-13,601
2021-10-14,415
2021-10-15,352
2021-10-16,324
2021-10-17,404
2021-10-18,1737
2021-10-19,1251
2021-10-20,842
2021-10-21,1225
2021-10-22,1032
2021-10-23,857
2021-10-24,1127
2021-10-25,1675
2021-10-26,8158
2021-10-27,1572
2021-10-28,1218
2021-10-29,706
2021-10-30,576
2021-10-31,866
2021-11-01,819
2021-11-02,4264
2021-11-03,2614
2021-11-04,2291
2021-11-05,1552
2021-11-06,1078
2021-11-07,1062
2021-11-08,835
2021-11-09,634
2021-11-10,550
2021-11-11,501
2021-11-12,425
2021-11-13,414
2021-11-14,401
2021-11-15,480
2021-11-16,1105
2021-11-17,667
2021-11-18,607
2021-11-19,599
2021-11-20,603
2021-11-21,542
2021-11-22,1810
2021-11-23,682
2021-11-24,660
2021-11-25,710
2021-11-26,400
2021-11-27,377
2021-11-28,354
2021-11-29,429
2021-11-30,461
2021-12-01,358
2021-12-02,539
2021-12-03,693
2021-12-04,365
2021-12-05,329
2021-12-06,370
2021-12-07,506
2021-12-08,301
2021-12-09,415
2021-12-10,462
2021-12-11,440
2021-12-12,397
2021-12-13,410
2021-12-14,681
2021-12-15,615
2021-12-16,1875
2021-12-17,1369
2021-12-18,901
2021-12-19,969
2021-12-20,996
2021-12-21,1009
2021-12-22,878
2021-12-23,920
2021-12-24,773
2021-12-25,610
2021-12-26,834
2021-12-27,750
2021-12-28,958
2021-12-29,1050
2021-12-30,1022
2021-12-31,627
2022-01-01,726
2022-01-02,1010
2022-01-03,674
2022-01-04,572
2022-01-05,455
2022-01-06,352
2022-01-07,449
2022-01-08,385
2022-01-09,356
2022-01-10,342
2022-01-11,356
2022-01-12,417
2022-01-13,341
2022-01-14,527
2022-01-15,439
2022-01-16,424
2022-01-17,432
2022-01-18,741
2022-01-19,3242
2022-01-20,1352
2022-01-21,816
2022-01-22,724
2022-01-23,872
2022-01-24,608
2022-01-25,429
2022-01-26,523
2022-01-27,541
2022-01-28,477
2022-01-29,374
2022-01-30,532
2022-01-31,458
2022-02-01,358
2022-02-02,422
2022-02-03,391
2022-02-04,483
2022-02-05,418
2022-02-06,487
2022-02-07,518
2022-02-08,495
2022-02-09,440
2022-02-10,433
2022-02-11,302
2022-02-12,409
2022-02-13,436
2022-02-14,484
2022-02-15,368
2022-02-16,460
2022-02-17,1522
2022-02-18,595
2022-02-19,577
2022-02-20,794
2022-02-21,4413
2022-02-22,795
2022-02-23,509
2022-02-24,341
2022-02-25,372
2022-02-26,375
2022-02-27,258
2022-02-28,268
2022-03-01,345
2022-03-02,357
2022-03-03,516
2022-03-04,513
2022-03-05,796
2022-03-06,756
2022-03-07,521
2022-03-08,429
2022-03-09,392
2022-03-10,416
2022-03-11,793
2022-03-12,398
2022-03-13,444
2022-03-14,407
2022-03-15,462
2022-03-16,392
2022-03-17,356
2022-03-18,288
2022-03-19,317
2022-03-20,268
2022-03-21,311
2022-03-22,445
2022-03-23,633
2022-03-24,435
2022-03-25,393
2022-03-26,270
2022-03-27,442
2022-03-28,572
2022-03-29,335
2022-03-30,351
2022-03-31,288
2022-04-01,275
2022-04-02,203
2022-04-03,262
2022-04-04,301
2022-04-05,322
2022-04-06,281
2022-04-07,282
2022-04-08,276
2022-04-09,219
2022-04-10,654
2022-04-11,342
2022-04-12,341
2022-04-13,358
2022-04-14,270
2022-04-15,213
2022-04-16,335
2022-04-17,271
2022-04-18,275
2022-04-19,328
2022-04-20,261
2022-04-21,238
2022-04-22,163
2022-04-23,217
2022-04-24,381
2022-04-25,243
2022-04-26,208
2022-04-27,222
2022-04-28,189
2022-04-29,231
2022-04-30,207
2022-05-01,260
2022-05-02,248
2022-05-03,203
2022-05-04,250
2022-05-05,272
2022-05-06,240
2022-05-07,209
2022-05-08,229
2022-05-09,337
2022-05-10,291
2022-05-11,394
2022-05-12,277
2022-05-13,329
2022-05-14,249
2022-05-15,267
2022-05-16,341
2022-05-17,325
2022-05-18,371
2022-05-19,385
2022-05-20,247
2022-05-21,269
2022-05-22,263
2022-05-23,345
2022-05-24,226
2022-05-25,238
2022-05-26,327
2022-05-27,272
2022-05-28,433
2022-05-29,839
2022-05-30,1710
2022-05-31,1095
2022-06-01,3197
2022-06-02,889
2022-06-03,1301
2022-06-04,535
2022-06-05,409
2022-06-06,445
2022-06-07,401
2022-06-08,373
2022-06-09,307
2022-06-10,367
2022-06-11,342
2022-06-12,260
2022-06-13,394
2022-06-14,297
2022-06-15,465
2022-06-16,410
2022-06-17,584
2022-06-18,394
2022-06-19,439
2022-06-20,473
2022-06-21,374
2022-06-22,296
2022-06-23,293
2022-06-24,288
2022-06-25,213
2022-06-26,251
2022-06-27,288
2022-06-28,359
2022-06-29,330
2022-06-30,253
2022-07-01,320
2022-07-02,308
2022-07-03,308
2022-07-04,740
2022-07-05,925
2022-07-06,583
2022-07-07,754
2022-07-08,1428
2022-07-09,943
2022-07-10,734
2022-07-11,953
2022-07-12,655
2022-07-13,758
2022-07-14,775
2022-07-15,2575
2022-07-16,1142
2022-07-17,873
2022-07-18,1307
2022-07-19,1098
2022-07-20,670
2022-07-21,529
2022-07-22,456
2022-07-23,480
2022-07-24,520
2022-07-25,1176
2022-07-26,539
2022-07-27,544
2022-07-28,969
2022-07-29,575
2022-07-30,684
2022-07-31,637
2022-08-01,678
2022-08-02,585
2022-08-03,496
2022-08-04,953
2022-08-05,563
2022-08-06,509
2022-08-07,417
2022-08-08,479
2022-08-09,954
2022-08-10,518
2022-08-11,470
2022-08-12,372
2022-08-13,430
2022-08-14,514
2022-08-15,523
2022-08-16,511
2022-08-17,836
2022-08-18,743
2022-08-19,802
2022-08-20,529
2022-08-21,526
2022-08-22,540
2022-08-23,669
2022-08-24,852
2022-08-25,544
2022-08-26,673
2022-08-27,510
2022-08-28,495
2022-08-29,502
2022-08-30,403
2022-08-31,435
2022-09-01,545
2022-09-02,450
2022-09-03,593
2022-09-04,609
2022-09-05,996
2022-09-06,1065
2022-09-07,1060
2022-09-08,785
2022-09-09,614
2022-09-10,616
2022-09-11,782
2022-09-12,990
2022-09-13,980
2022-09-14,1449
2022-09-15,1598
2022-09-16,1426
2022-09-17,1163
2022-09-18,1075
2022-09-19,787
2022-09-20,798
2022-09-21,631
2022-09-22,726
2022-09-23,456
2022-09-24,457
2022-09-25,531
2022-09-26,459
2022-09-27,471
2022-09-28,485
2022-09-29,537
2022-09-30,407
2022-10-01,362
2022-10-02,387
2022-10-03,416
2022-10-04,531
2022-10-05,448
2022-10-06,459
2022-10-07,437
2022-10-08,352
2022-10-09,721
2022-10-10,706
2022-10-11,922
2022-10-12,919
2022-10-13,1505
2022-10-14,706
2022-10-15,1069
2022-10-16,602
2022-10-17,353
2022-10-18,1315
2022-10-19,1188
2022-10-20,715
2022-10-21,430
2022-10-22,459
2022-10-23,549
2022-10-24,745
2022-10-25,1292
2022-10-26,884
2022-10-27,485
2022-10-28,422
2022-10-29,372
2022-10-30,523
2022-10-31,704
2022-11-01,580
2022-11-02,524
2022-11-03,572
2022-11-04,581
2022-11-05,585
2022-11-06,517
2022-11-07,1529
2022-11-08,648
2022-11-09,1922
2022-11-10,2918
2022-11-11,702
2022-11-12,657
2022-11-13,670
2022-11-14,776
2022-11-15,621
2022-11-16,452
2022-11-17,994
2022-11-18,1046
2022-11-19,664
2022-11-20,744
2022-11-21,674
2022-11-22,834
2022-11-23,1054
2022-11-24,807
2022-11-25,695
2022-11-26,365
2022-11-27,457
2022-11-28,442
2022-11-29,452
2022-11-30,399
2022-12-01,518
2022-12-02,494
2022-12-03,338
2022-12-04,455
2022-12-05,518
2022-12-06,566
2022-12-07,785
2022-12-08,572
2022-12-09,431
2022-12-10,384
2022-12-11,425
2022-12-12,432
2022-12-13,681
2022-12-14,901
2022-12-15,1617
2022-12-16,728
2022-12-17,682
2022-12-18,747
2022-12-19,908
2022-12-20,1038
2022-12-21,1141
2022-12-22,1165
2022-12-23,1353
2022-12-24,901
2022-12-25,916
2022-12-26,1557
2022-12-27,2064
2022-12-28,3420
2022-12-29,3030
2022-12-30,1655
2022-12-31,952
2023-01-01,1068
2023-01-02,666
2023-01-03,735
2023-01-04,543
2023-01-05,494
2023-01-06,460
2023-01-07,526
2023-01-08,551
2023-01-09,498
2023-01-10,465
2023-01-11,425
2023-01-12,707
2023-01-13,435
2023-01-14,596
2023-01-15,611
2023-01-16,462
2023-01-17,594
2023-01-18,645
2023-01-19,2689
2023-01-20,987
2023-01-21,875
2023-01-22,598
2023-01-23,576
2023-01-24,662
2023-01-25,597
2023-01-26,855
2023-01-27,559
2023-01-28,520
2023-01-29,570
2023-01-30,611
2023-01-31,720
2023-02-01,867
2023-02-02,606
2023-02-03,438
2023-02-04,473
2023-02-05,851
2023-02-06,688
2023-02-07,880
2023-02-08,1034
2023-02-09,827
2023-02-10,540
2023-02-11,551
2023-02-12,1342
2023-02-13,1519
2023-02-14,887
2023-02-15,798
2023-02-16,625
2023-02-17,1190
2023-02-18,786
2023-02-19,731
2023-02-20,3921
2023-02-21,782
2023-02-22,810
2023-02-23,675
2023-02-24,1273
2023-02-25,1081
2023-02-26,850
2023-02-27,850
2023-02-28,612
2023-03-01,542
2023-03-02,537
2023-03-03,444
2023-03-04,690
2023-03-05,1371
2023-03-06,924
2023-03-07,754
2023-03-08,834
2023-03-09,592
2023-03-10,532
2023-03-11,665
2023-03-12,632
2023-03-13,764
2023-03-14,570
2023-03-15,1555
2023-03-16,755
2023-03-17,563
2023-03-18,880
2023-03-19,1884
2023-03-20,2272
2023-03-21,1114
2023-03-22,762
2023-03-23,646
2023-03-24,584
2023-03-25,530
2023-03-26,527
2023-03-27,531
2023-03-28,712
2023-03-29,490
2023-03-30,552
2023-03-31,468
2023-04-01,484
2023-04-02,424
2023-04-03,406
2023-04-04,458
2023-04-05,438
2023-04-06,491
2023-04-07,476
2023-04-08,622
2023-04-09,476
2023-04-10,651
2023-04-11,867
2023-04-12,449
2023-04-13,355
2023-04-14,370
2023-04-15,389
2023-04-16,403
2023-04-17,398
2023-04-18,351
2023-04-19,393
2023-04-20,551
2023-04-21,533
2023-04-22,498
2023-04-23,455
2023-04-24,501
2023-04-25,548
2023-04-26,417
2023-04-27,511
2023-04-28,399
2023-04-29,496
2023-04-30,512
2023-05-01,434
2023-05-02,442
2023-05-03,524
2023-05-04,592
2023-05-05,437
2023-05-06,397
2023-05-07,409
2023-05-08,638
2023-05-09,700
2023-05-10,766
2023-05-11,533
2023-05-12,546
2023-05-13,567
2023-05-14,494
2023-05-15,467
2023-05-16,440
2023-05-17,431
2023-05-18,556
2023-05-19,460
2023-05-20,472
2023-05-21,480
2023-05-22,356
2023-05-23,508
2023-05-24,510
2023-05-25,425
2023-05-26,356
2023-05-27,287
2023-05-28,367
2023-05-29,426
2023-05-30,350
2023-05-31,345
2023-06-01,874
2023-06-02,567
2023-06-03,485
2023-06-04,583
2023-06-05,466
2023-06-06,383
2023-06-07,420
2023-06-08,1234
2023-06-09,782
2023-06-10,630
2023-06-11,558
2023-06-12,407
2023-06-13,1060
2023-06-14,593
2023-06-15,534
2023-06-16,914
2023-06-17,451
2023-06-18,616
2023-06-19,399
2023-06-20,325
2023-06-21,460
2023-06-22,391
2023-06-23,415
2023-06-24,399
2023-06-25,422
2023-06-26,383
2023-06-27,493
2023-06-28,535
2023-06-29,597
2023-06-30,385
2023-07-01,321
2023-07-02,363
2023-07-03,661
2023-07-04,811
2023-07-05,542
2023-07-06,425
2023-07-07,406
2023-07-08,362
2023-07-09,366
2023-07-10,362
2023-07-11,350
2023-07-12,954
2023-07-13,676
2023-07-14,389
2023-07-15,312
2023-07-16,2490
2023-07-17,2266
2023-07-18,430
2023-07-19,380
2023-07-20,8143
2023-07-21,540
2023-07-22,359
2023-07-23,436
2023-07-24,2902
2023-07-25,1623
2023-07-26,675
2023-07-27,449
2023-07-28,361
2023-07-29,27666
2023-07-30,416
2023-07-31,367
2023-08-01,506
2023-08-02,440
2023-08-03,895
2023-08-04,911
2023-08-05,497
2023-08-06,535
2023-08-07,663
2023-08-08,748
2023-08-09,475
2023-08-10,7411
2023-08-11,2885
2023-08-12,2249
2023-08-13,4225
2023-08-14,2250
2023-08-15,4786
2023-08-16,2824
2023-08-17,2556
2023-08-18,2504
2023-08-19,861
2023-08-20,3101
2023-08-21,8125
2023-08-22,2417
2023-08-23,3683
2023-08-24,5741
2023-08-25,4426
2023-08-26,4702
2023-08-27,25300
2023-08-28,1454
2023-08-29,2580
2023-08-30,23718
2023-08-31,1463
2023-09-01,1069
2023-09-02,900
2023-09-03,1032
2023-09-04,936
2023-09-05,914
2023-09-06,1275
2023-09-07,1467
2023-09-08,1271
2023-09-09,1176
2023-09-10,1453
2023-09-11,1585
2023-09-12,3875
2023-09-13,2840
2023-09-14,2481
2023-09-15,2027
2023-09-16,2196
2023-09-17,1810
2023-09-18,1479
2023-09-19,1656
2023-09-20,1510
2023-09-21,1947
2023-09-22,1058
2023-09-23,987
2023-09-24,1404
2023-09-25,881
2023-09-26,608
2023-09-27,912
2023-09-28,914
2023-09-29,736
2023-09-30,465
2023-10-01,602
2023-10-02,725
2023-10-03,719
2023-10-04,481
2023-10-05,456
2023-10-06,537
2023-10-07,438
2023-10-08,480
2023-10-09,570
2023-10-10,464
2023-10-11,514
2023-10-12,455
2023-10-13,397
2023-10-14,430
2023-10-15,456
2023-10-16,446
2023-10-17,355
2023-10-18,532
2023-10-19,613
2023-10-20,802
2023-10-21,579
2023-10-22,485
2023-10-23,381
2023-10-24,425
2023-10-25,946
2023-10-26,589
2023-10-27,396
2023-10-28,471
2023-10-29,602
2023-10-30,413
2023-10-31,455
2023-11-01,665
2023-11-02,608
2023-11-03,696
